{
"framerate":24,
"images":["assets.png"],
"frames":[
    [437, 671, 70, 17, 0, 27, 13],
    [208, 671, 67, 22, 0, 30, 16],
    [144, 671, 64, 25, 0, 28, 14],
    [995, 0, 26, 44, 0, 17, 20],
    [431, 605, 30, 51, 0, 13, 21],
    [400, 605, 31, 60, 0, 8, 25],
    [236, 605, 32, 66, 0, 3, 28],
    [785, 0, 35, 70, 0, -2, 30],
    [820, 0, 41, 70, 0, -8, 30],
    [861, 0, 46, 68, 0, -13, 28],
    [722, 0, 63, 74, 0, -17, 30],
    [605, 0, 60, 74, 0, -20, 30],
    [665, 0, 57, 74, 0, -23, 30],
    [907, 0, 44, 64, 0, -23, 24],
    [356, 605, 44, 64, 0, -23, 24],
    [951, 0, 44, 64, 0, -23, 24],
    [312, 605, 44, 64, 0, -23, 24],
    [268, 605, 44, 64, 0, -23, 24],
    [1021, 0, 1, 1, 0, 35, 35],
    [78, 671, 19, 29, 0, 10, 14],
    [97, 671, 22, 29, 0, 12, 14],
    [119, 671, 25, 29, 0, 12, 14],
    [955, 605, 21, 37, 0, 11, 18],
    [57, 671, 21, 37, 0, 11, 18],
    [905, 605, 22, 37, 0, 12, 18],
    [881, 605, 24, 37, 0, 14, 18],
    [0, 671, 26, 37, 0, 16, 18],
    [927, 605, 28, 37, 0, 17, 18],
    [26, 671, 31, 37, 0, 19, 18],
    [850, 605, 31, 37, 0, 19, 18],
    [819, 605, 31, 37, 0, 19, 18],
    [788, 605, 31, 37, 0, 19, 18],
    [976, 605, 31, 37, 0, 19, 18],
    [275, 671, 162, 18, 0, 0, 0],
    [0, 0, 605, 605, 0, 0, 0],
    [0, 605, 236, 66, 0, -2, -10],
    [461, 605, 327, 49, 0, -3, -10],
    [1007, 605, 13, 16, 0, -3, -6],
    [571, 671, 9, 15, 0, -5, -6],
    [593, 671, 12, 15, 0, -3, -6],
    [507, 671, 13, 16, 0, -3, -6],
    [580, 671, 13, 15, 0, -3, -6],
    [559, 671, 12, 15, 0, -3, -7],
    [533, 671, 13, 16, 0, -3, -6],
    [605, 671, 12, 14, 0, -3, -7],
    [520, 671, 13, 16, 0, -3, -6],
    [546, 671, 13, 16, 0, -3, -6]
],
"animations":{
    "0": {"frames": [37], "speed": 1},
    "1": {"frames": [38], "speed": 1},
    "2": {"frames": [39], "speed": 1},
    "3": {"frames": [40], "speed": 1},
    "4": {"frames": [41], "speed": 1},
    "5": {"frames": [42], "speed": 1},
    "6": {"frames": [43], "speed": 1},
    "9": {"frames": [46], "speed": 1},
    "7": {"frames": [44], "speed": 1},
    "8": {"frames": [45], "speed": 1},
    "snakeDead": {
        "frames": [
            3,
            4,
            5,
            6,
            7,
            8,
            9,
            10,
            11,
            12,
            12,
            12,
            12,
            12,
            12,
            12,
            12,
            12,
            12,
            12,
            12,
            12,
            13,
            14,
            15,
            16,
            17,
            18
        ],
        "speed": 1
    },
    "interface": {"frames": [33], "speed": 1},
    "bugAlive": {
        "frames": [19, 19, 19, 19, 20, 20, 20, 20, 21, 21, 21, 21],
        "speed": 1
    },
    "gameOverCaption": {"frames": [36], "speed": 1},
    "introCaption": {"frames": [35], "speed": 1},
    "background": {"frames": [34], "speed": 1},
    "snakeAlive": {"frames": [0, 0, 0, 0, 1, 1, 1, 1, 2, 2, 2, 2], "speed": 1},
    "bugDead": {
        "frames": [
            22,
            23,
            24,
            25,
            26,
            27,
            28,
            28,
            28,
            28,
            28,
            28,
            28,
            29,
            30,
            31,
            32,
            18
        ],
        "speed": 1
    }
}
}