{
"framerate":24,
"images":["assets.png"],
"frames":[
    [2, 189, 71, 17, 0, -5, -16],
    [390, 148, 67, 22, 0, -2, -13],
    [321, 148, 65, 25, 0, -4, -15],
    [165, 80, 27, 44, 0, -15, -9],
    [132, 80, 29, 51, 0, -20, -8],
    [98, 80, 30, 60, 0, -25, -4],
    [327, 2, 32, 66, 0, -29, -1],
    [194, 2, 35, 70, 0, -35, 1],
    [233, 2, 41, 70, 0, -40, 1],
    [278, 2, 45, 68, 0, -46, -1],
    [2, 2, 63, 74, 0, -49, 1],
    [69, 2, 60, 74, 0, -52, 1],
    [133, 2, 57, 74, 0, -55, 1],
    [363, 2, 44, 64, 0, -55, -5],
    [411, 2, 44, 64, 0, -55, -5],
    [459, 2, 44, 64, 0, -55, -5],
    [2, 80, 44, 64, 0, -55, -5],
    [50, 80, 44, 64, 0, -55, -5],
    [507, 2, 0, 0, 0, 21, 13],
    [298, 148, 19, 29, 0, -9, -5],
    [272, 148, 22, 29, 0, -7, -5],
    [243, 148, 25, 29, 0, -7, -5],
    [375, 80, 21, 37, 0, -8, -1],
    [231, 80, 21, 37, 0, -8, -1],
    [291, 80, 22, 37, 0, -7, -1],
    [317, 80, 24, 37, 0, -5, -1],
    [345, 80, 26, 37, 0, -3, -1],
    [37, 148, 28, 37, 0, -2, -1],
    [400, 80, 31, 37, 0, 0, -1],
    [256, 80, 31, 37, 0, 0, -1],
    [196, 80, 31, 37, 0, 0, -1],
    [435, 80, 31, 37, 0, 0, -1],
    [470, 80, 31, 37, 0, 0, -1],
    [2, 148, 31, 37, 0, 0, -1],
    [156, 148, 83, 33, 0, 0, 0],
    [69, 148, 83, 33, 0, 0, 0]
],
"animations":{
    "bugAlive": {
        "frames": [19, 19, 19, 19, 20, 20, 20, 20, 21, 21, 21, 21],
        "speed": 1
    },
    "snakeAlive": {"frames": [0, 0, 0, 0, 1, 1, 1, 1, 2, 2, 2, 2], "speed": 1},
    "btnUp": {"frames": [34], "speed": 1},
    "bugDead": {
        "frames": [
            22,
            23,
            24,
            25,
            26,
            27,
            28,
            28,
            28,
            28,
            28,
            28,
            29,
            30,
            31,
            32,
            33,
            18
        ],
        "speed": 1
    },
    "btnDown": {"frames": [35], "speed": 1},
    "snakeDead": {
        "frames": [
            3,
            4,
            5,
            6,
            7,
            8,
            9,
            10,
            11,
            12,
            12,
            12,
            12,
            12,
            12,
            12,
            12,
            12,
            12,
            12,
            12,
            12,
            13,
            14,
            15,
            16,
            17,
            18
        ],
        "speed": 1
    },
    "btnOver": {"frames": [35], "speed": 1}
}
}