{
"framerate":24,
"images":["biplaneAssets.png"],
"frames":[
    [356, 47, 37, 20, 0, -1, -10],
    [276, 47, 36, 20, 0, -1, -10],
    [316, 47, 36, 20, 0, -1, -10],
    [397, 47, 36, 20, 0, -1, -10],
    [235, 47, 37, 24, 0, -1, -9],
    [195, 47, 36, 24, 0, -1, -9],
    [442, 2, 37, 31, 0, -1, -5],
    [42, 47, 36, 31, 0, -1, -5],
    [115, 47, 36, 24, 0, -1, -9],
    [155, 47, 36, 24, 0, -1, -9],
    [2, 47, 36, 31, 0, -1, -5],
    [402, 2, 36, 31, 0, -1, -5],
    [504, 2, 5, 4, 0, -18, -18],
    [483, 2, 17, 16, 0, -12, -12],
    [82, 47, 29, 28, 0, -6, -6],
    [358, 2, 40, 40, 0, 0, 0],
    [270, 2, 40, 40, 0, 0, 0],
    [314, 2, 40, 40, 0, 0, 0],
    [182, 2, 40, 40, 0, 0, 0],
    [226, 2, 40, 40, 0, 0, 0],
    [2, 2, 41, 41, 0, 0, 0],
    [47, 2, 41, 41, 0, 0, 0],
    [92, 2, 41, 41, 0, 0, 0],
    [137, 2, 41, 41, 0, 0, 0],
    [437, 47, 0, 0, 0, 0, 0]
],
"animations":{
    "killed": {
        "frames": [12, 13, 14, 15, 16, 17, 18, 19, 20, 21, 22, 23, 24],
        "speed": 1
    },
    "flyLeft": {"frames": [2, 3], "speed": 1},
    "rollRight": {"frames": [4, 5, 4, 5, 6, 7, 6, 7], "speed": 1},
    "flyRight": {"frames": [0, 1], "speed": 1},
    "rollLeft": {"frames": [8, 9, 8, 9, 10, 11, 10, 11], "speed": 1}
}
}