{
"framerate":24,
"images":["FrankSchmidtRockIT.png"],
"frames":[
    [0, 0, 606, 606, 0, -10, -5],
    [991, 0, 302, 164, 0, -3, 0],
    [606, 0, 385, 170, 0, -14, 0],
    [2032, 0, 44, 52, 0, -6, -5],
    [1988, 0, 44, 52, 0, -6, -5],
    [1767, 0, 158, 82, 0, -2, -39],
    [1451, 0, 158, 83, 0, -2, -34],
    [1293, 0, 158, 83, 0, -2, -22],
    [1609, 0, 158, 83, 0, -2, -31],
    [2200, 0, 61, 47, 0, -9, -29],
    [2261, 0, 61, 47, 0, -9, -27],
    [2139, 0, 61, 48, 0, -9, -23],
    [2076, 0, 63, 48, 0, -17, -18],
    [2385, 0, 63, 28, 0, -17, -28],
    [2511, 0, 63, 12, 0, -17, -36],
    [2690, 0, 63, 5, 0, -17, -40],
    [2753, 0, 1, 1, 0, 0, 0],
    [1925, 0, 63, 74, 0, -15, -14],
    [2322, 0, 63, 42, 0, -15, -30],
    [2448, 0, 63, 22, 0, -15, -40],
    [2632, 0, 58, 7, 0, -15, -47],
    [2574, 0, 58, 7, 0, -15, -47]
],
"animations":{
    "introCaption": {"frames": [1], "speed": 1},
    "SlashDead": {"frames": [17, 18, 19, 20, 21, 17], "speed": 1},
    "WhammyBar": {"frames": [5, 6, 6, 5, 5, 7, 5, 8, 5, 5, 5], "speed": 1},
    "MTVDead": {"frames": [12, 13, 14, 15, 16, 16, 12, 13], "speed": 1},
    "gameOver": {"frames": [2], "speed": 1},
    "slashAlive": {"frames": [3, 4, 3], "speed": 1},
    "background": {"frames": [0], "speed": 1},
    "MTV": {
        "frames": [9, 10, 11, 10, 11, 9, 11, 10, 11, 11, 9],
        "speed": 1
    }
}
}