{
"framerate":24,
"images":["FrankSchmidtRockIT.png"],
"frames":[
    [0, 0, 606, 606, 0, -10, -5],
    [1251, 0, 302, 164, 0, -3, 0],
    [606, 0, 385, 170, 0, -14, 0],
    [2498, 0, 44, 52, 0, -6, -5],
    [2454, 0, 44, 52, 0, -6, -5],
    [2233, 0, 158, 82, 0, -2, -39],
    [2075, 0, 158, 83, 0, -2, -34],
    [1759, 0, 158, 83, 0, -2, -22],
    [1917, 0, 158, 83, 0, -2, -31],
    [2727, 0, 61, 47, 0, -9, -29],
    [2666, 0, 61, 47, 0, -9, -27],
    [2542, 0, 61, 48, 0, -9, -23],
    [2603, 0, 63, 48, 0, -17, -18],
    [2851, 0, 63, 28, 0, -17, -28],
    [2977, 0, 63, 12, 0, -17, -36],
    [3156, 0, 63, 5, 0, -17, -40],
    [3219, 0, 1, 1, 0, 0, 0],
    [2391, 0, 63, 74, 0, -15, -14],
    [2788, 0, 63, 42, 0, -15, -30],
    [2914, 0, 63, 22, 0, -15, -40],
    [3040, 0, 58, 7, 0, -15, -47],
    [3098, 0, 58, 7, 0, -15, -47],
    [1623, 0, 68, 160, 0, -17, -21],
    [1691, 0, 68, 160, 0, -4, -9],
    [1063, 0, 72, 170, 0, -11, -15],
    [991, 0, 72, 170, 0, -11, -8],
    [1553, 0, 70, 164, 0, -6, -7],
    [1135, 0, 116, 168, 0, -6, -9]
],
"animations":{
    "Thermo100": {"frames": [26], "speed": 1},
    "slashAlive": {"frames": [3, 4, 3], "speed": 1},
    "SlashDead": {"frames": [17, 18, 19, 20, 21, 17], "speed": 1},
    "Scoreboard0": {"frames": [22], "speed": 1},
    "Thermo110": {"frames": [27], "speed": 1},
    "introCaption": {"frames": [1], "speed": 1},
    "Thermo50": {"frames": [24], "speed": 1},
    "Thermo25": {"frames": [23], "speed": 1},
    "MTVDead": {"frames": [12, 13, 14, 15, 16, 16, 12, 13], "speed": 1},
    "WhammyBar": {"frames": [5, 6, 6, 5, 5, 7, 5, 8, 5, 5, 5], "speed": 1},
    "Thermo75": {"frames": [25], "speed": 1},
    "background": {"frames": [0], "speed": 1},
    "gameOver": {"frames": [2], "speed": 1},
    "MTV": {
        "frames": [9, 10, 11, 10, 11, 9, 11, 10, 11, 11, 9],
        "speed": 1
    }
}
}